{"count":1,"self":9.3334096,"total":76.6757987,"children":{"InitializeActuators":{"count":1,"self":0.0030510999999999997,"total":0.0030510999999999997,"children":null},"InitializeSensors":{"count":1,"self":0.0046859,"total":0.0046859,"children":null},"AgentSendState":{"count":626,"self":16.5119328,"total":33.906496499999996,"children":{"CollectObservations":{"count":626,"self":0.0071201999999999993,"total":0.0071201999999999993,"children":null},"WriteActionMask":{"count":626,"self":0.0010012999999999999,"total":0.0010012999999999999,"children":null},"RequestDecision":{"count":626,"self":0.0316532,"total":17.386442,"children":{"CameraSensor.GetCompressedObservation":{"count":1878,"self":17.354788799999998,"total":17.354788799999998,"children":null}}}}},"DecideAction":{"count":626,"self":0.011176499999999999,"total":0.011176499999999999,"children":null},"AgentAct":{"count":626,"self":16.067611199999998,"total":33.416473499999995,"children":{"CameraSensor.GetCompressedObservation":{"count":1878,"self":17.348862399999998,"total":17.3488619,"children":null}}}},"gauges":{"LeapAgent.CumulativeReward":{"count":626,"max":1,"min":1,"runningAverage":1,"value":1,"weightedAverage":1}},"metadata":{"timer_format_version":"0.1.0","start_time_seconds":"1719297011","unity_version":"2022.3.32f1","command_line_arguments":"C:\\Program Files\\Unity\\Hub\\Editor\\2022.3.32f1\\Editor\\Unity.exe -projectpath C:\\Users\\dhruv\\Downloads\\LeapProject -useHub -hubIPC -cloudEnvironment production","communication_protocol_version":"1.5.0","com.unity.ml-agents_version":"3.0.0-exp.1","scene_name":"leap_scene","end_time_seconds":"1719297088"}}